scenario,family,nonself_nonexact,nonself_exact,nonself_unknown,nonself_missing_dimension_changes,self_exact,self_nonexact,self_unknown,residual_delta_min,residual_delta_median,residual_delta_max
integer_shift_x_-1voxel,SPATIAL_TARGET_SHIFT_1_VOXEL,20,0,0,0,0,5,0,-0.004383601704418649,-5.551115123125783e-17,0.09962551531281416
half_shift_x_-10p5voxel,LINEAR_INTERPOLATION_TARGET_SHIFT_0P5_VOXEL,20,0,0,0,0,5,0,-0.027924854281555556,-0.00010886417916883273,0.03014845257691323
integer_shift_x_+1voxel,SPATIAL_TARGET_SHIFT_1_VOXEL,20,0,0,0,0,5,0,-1.0851944539647107e-06,-5.551115123125783e-17,0.08782182809100825
half_shift_x_+10p5voxel,LINEAR_INTERPOLATION_TARGET_SHIFT_0P5_VOXEL,20,0,0,0,0,5,0,-0.0010809821324642144,-7.369197372553149e-05,0.02503503289595832
integer_shift_y_-1voxel,SPATIAL_TARGET_SHIFT_1_VOXEL,20,0,0,0,0,5,0,-0.002977276081115976,-6.661338147750939e-16,0.04968727016843644
half_shift_y_-10p5voxel,LINEAR_INTERPOLATION_TARGET_SHIFT_0P5_VOXEL,20,0,0,0,0,5,0,-0.0054396685761841646,-0.00038578192675753353,-6.661338147750939e-16
integer_shift_y_+1voxel,SPATIAL_TARGET_SHIFT_1_VOXEL,20,0,0,0,0,5,0,-2.4386998562775375e-06,6.106226635438361e-16,0.06505100470742164
half_shift_y_+10p5voxel,LINEAR_INTERPOLATION_TARGET_SHIFT_0P5_VOXEL,20,0,0,0,0,5,0,-0.005190351784013281,-2.839092235806806e-06,0.008339071625822148
integer_shift_z_-1voxel,SPATIAL_TARGET_SHIFT_1_VOXEL,20,0,0,0,0,5,0,-7.165548864263016e-07,1.6653345369377348e-16,0.10187424329776495
half_shift_z_-10p5voxel,LINEAR_INTERPOLATION_TARGET_SHIFT_0P5_VOXEL,20,0,0,0,0,5,0,-0.02441852863663696,-0.00025873709240398224,0.025721567078299756
integer_shift_z_+1voxel,SPATIAL_TARGET_SHIFT_1_VOXEL,20,0,0,0,0,5,0,-0.0005369299772556291,1.2644982561038631e-08,0.07643833943114531
half_shift_z_+10p5voxel,LINEAR_INTERPOLATION_TARGET_SHIFT_0P5_VOXEL,20,0,0,0,0,5,0,-0.039253775609563,-0.00013111962697520685,0.009490854342755428
support_dropout_1pct,UNSTRUCTURED_TARGET_SUPPORT_DROPOUT,20,0,0,0,0,5,0,-4.177742003941276e-05,1.2041656560768388e-10,0.0061488786161389974
support_dropout_5pct,UNSTRUCTURED_TARGET_SUPPORT_DROPOUT,20,0,0,0,0,5,0,-3.614063066592621e-07,5.551115123125783e-17,0.012571503991888888
weight_jitter_sigma_0p01,WITHIN_SUPPORT_WEIGHT_STRESS,20,0,0,0,0,5,0,-0.00021094090202566917,6.661338147750939e-16,0.0002907673337202432
weight_jitter_sigma_0p05,WITHIN_SUPPORT_WEIGHT_STRESS,20,0,0,0,0,5,0,-3.7642222672218395e-11,4.979158196860567e-10,0.0015486944185153506
weight_jitter_sigma_0p10,WITHIN_SUPPORT_WEIGHT_STRESS,20,0,0,0,0,5,0,-4.440892098500626e-16,1.1554856982343154e-07,0.004052356731211626
row_rescale_control,ROWSPACE_INVARIANT_POSITIVE_ROW_RESCALE_CONTROL,20,0,0,0,5,0,0,-0.006731469381184962,-2.9064376066978426e-07,0.04778830799904976
